"ID","Label","Definition","Parent","French Synonym","French Definition"
"ID","LABEL","AL definition@en","SC %","AL alternative term@fr","AL definition@fr"
,,,,,
"MAELSTROM:Sociodemographic_economic_characteristics","Socio-demographic and economic characteristics","Information about socio-demographic and economic characteristics.",,"Caractéristiques socio-démographiques et économiques","Informations au sujet des caractéristiques socio-démographiques et économiques."
"MAELSTROM:Age","Age/birthdate","Information about current age (e.g. age of participant) or birthdate.","MAELSTROM:Sociodemographic_economic_characteristics","Âge/date de naissance","Informations au sujet de l’âge actuel (ex. âge du participant) ou de la date de naissance."
"MAELSTROM:Sex","Sex/gender","Information about sex (e.g. biological characteristics) or gender identity.","MAELSTROM:Sociodemographic_economic_characteristics","Sexe/genre","Informations au sujet du sexe (ex. caractéristiques biologiques) ou de l’identité de genre."
"MAELSTROM:Twin","Twin","Information about the fact of being a twin or born from a multiple birth (e.g. zygosity ‚Äì identical or not).","MAELSTROM:Sociodemographic_economic_characteristics","Jumeau","Informations au sujet du fait d’être un jumeau ou d’être né d’une naissance multiple (ex. zygosité ‚Äì identique ou non)."
"MAELSTROM:Marital_status","Marital/partner status","Information about past and current relationship status (e.g. married, divorced, single, living with a partner).","MAELSTROM:Sociodemographic_economic_characteristics","État matrimonial","Informations au sujet des relations matrimoniales passées et actuelles (ex. marié, divorcé, célibataire, vivant avec un conjoint)."
"MAELSTROM:Family_hh_struct","Family and household structure","Information about past and current family and household structure (e.g. number of individuals living with the participant, number of siblings).
 Also see Dom. 16 \"Social environment and relationships\", under 'Social network'.","MAELSTROM:Sociodemographic_economic_characteristics","Structure familiale et domestique","Informations au sujet de la structure familiale et domestique passée et actuelle (ex. nombre de personnes qui vivent avec le participant, nombre de frères et s≈ìurs).
 Voir aussi Dom. 16 \"Environnement et relations sociales\", sous 'Réseau social'."
"MAELSTROM:Education","Education","Information about education (e.g. highest level of education achieved, years of schooling completed).
 Also see Dom. 15 \"Preschool, school and professional life\", under 'School life' for information about school environment.","MAELSTROM:Sociodemographic_economic_characteristics","Éducation","Informations au sujet de la scolarité (ex. niveau le plus élévé de scolarité atteint, nombre d’années de scolarité complétées).
 Voir aussi Dom. 15 \"Vie préscolaire, scolaire et professionnelle\", sous 'Vie scolaire' pour des informations en lien avec l’environnement scolaire."
"MAELSTROM:Residence","Residence","Information about past and current locations where an individual dwells (e.g. address, region, country, homelessness).","MAELSTROM:Sociodemographic_economic_characteristics","Résidence","Informations au sujet des endroits passés et actuels dans lesquels l’individu a vécu (ex. adresse, région, pays, sans domicile fixe)."
"MAELSTROM:Birth_place","Birthplace","Information about birthplace (e.g. country of birth).","MAELSTROM:Sociodemographic_economic_characteristics","Lieu de naissance","Informations au sujet du lieu de naissance (ex. pays de naissance)."
"MAELSTROM:Citizenship","Citizenship and immigrant status","Information about citizenship and immigrant status (e.g. landed immigrant, Canadian citizen, number of years living in a given country).","MAELSTROM:Sociodemographic_economic_characteristics","Citoyenneté et statut d’immigration","Informations au sujet de la citoyenneté et du statut d’immigrant (ex. immigrant reçu, citoyen Canadien, nombre d’années résidant dans un pays donné)."
"MAELSTROM:Ethnic_race_religion","Ethnicity, race and religion","Information about ethnicity (e.g. Italian, Chinese, Japanese), race (e.g. Caucasian, Black, Asian) and religion (e.g. Christian, Muslim, Buddhist).","MAELSTROM:Sociodemographic_economic_characteristics","Ethnicité, race et religion","Informations au sujet de l’ethnicité (ex. Italien, Chinois, Japonais), de la race (ex. Caucasien, Noir, Asiatique) et de la religion (ex. chrétien, musulman, bouddhiste)."
"MAELSTROM:Language","Language","Information about linguistic background and knowledge (e.g. French, English mother tongue, knowledge of Spanish).","MAELSTROM:Sociodemographic_economic_characteristics","Langue","Informations au sujet des origines et connaissances linguistiques (ex. français, langue maternelle anglais, connaissance de l’espagnol)."
"MAELSTROM:Labour_retirement","Labour force and retirement","Information about past and current labour force participation and retirement (e.g. employment status, sector of employment, participation in the military, years worked, start of retirement).
 Also see Dom. 15 \"Preschool, school and professional life\", under 'Professional life' for information about job environment.","MAELSTROM:Sociodemographic_economic_characteristics","Emploi et retraite","Informations au sujet de la participation passée et actuelle au marché du travail et de la retraite (ex. statut d’emploi, secteur d’emploi, participation dans les Forces Armées, nombre d’années de travail, début de la retraite).
 Voir aussi Dom. 15 \"Vie préscolaire, scolaire et professionnelle\", sous 'Vie professionnelle' pour des informations en lien avec l’environnement de travail."
"MAELSTROM:Income","Income, possessions, and benefits","Information about past and current income, possessions, and benefits from work (e.g. income before tax, health insurance coverage, home ownership).","MAELSTROM:Sociodemographic_economic_characteristics","Revenu, possessions et avantages sociaux","Informations au sujet du revenu passé et actuel, des biens et des avantages sociaux reliés au travail (ex. revenu avant impôt, assurance santé, propriétaire d’un logement)."
"MAELSTROM:Other_sociodemogr_chars","Other socio-demographic and economic characteristics","Information about other socio-demographic and economic characteristics (e.g. being adopted).","MAELSTROM:Sociodemographic_economic_characteristics","Autres caractéristiques socio-démographiques et économiques","Informations au sujet d’autres caractéristiques socio-démographiques et économiques (ex. avoir été adopté)."
"MAELSTROM:Lifestyle_behaviours","Lifestyle and behaviours","Information about past and current lifestyle, behaviours and activities.",,"Habitudes de vie et comportements","Informations passées et actuelles au sujet des habitudes de vie, des comportements et des activités."
"MAELSTROM:Tobacco","Tobacco","Information about the consumption of tobacco in any form (e.g. quantity and frequency of smoking, chewing or sniffing) and associated behaviours.","MAELSTROM:Lifestyle_behaviours","Tabagisme","Informations au sujet de la consommation des produits du tabac sous toutes ses formes (ex. quantité et fréquence de consommation de produits du tabac fumés, mâchés ou inhalés) et autres comportements associés."
"MAELSTROM:Alcohol","Alcohol","Information about the consumption of alcoholic beverages (e.g. frequency, quantity and type of alcohol consumed) and associated behaviours.","MAELSTROM:Lifestyle_behaviours","Alcool","Informations au sujet de la consommation de boissons alcoolisées (ex. fréquence, quantité et type d’alcool consommé) et autres comportements associés."
"MAELSTROM:Drugs","Drugs","Information about the consumption and abuse of drugs in any form (e.g. cannabis, morphine, quantity and frequency of smoking, swallowing, sniffing, injecting) and associated behaviours.","MAELSTROM:Lifestyle_behaviours","Drogues","Informations au sujet de la consommation et de l’abus de drogues sous toutes les formes (ex. cannabis, morphine, quantité et fréquence fumées, avalées, inhalées, et/ou injectées) et autres comportements associés."
"MAELSTROM:Nutrition","Nutrition","Information about the consumption of food (e.g. type, quantity and frequency of food intake) and associated behaviours. 
 Also see Dom. 7 \"Medication and supplements\", under 'Medication and supplement intake' for information about the consumption of vitamins and supplements.","MAELSTROM:Lifestyle_behaviours","Nutrition","Informations au sujet de la consommation de nourriture (ex. type, quantité et fréquence de la consommation alimentaire) et autres comportements associés.
 Voir aussi Dom. 7 \"Médicaments et suppléments\", sous 'Médicaments et suppléments' pour des informations en lien avec la consommation de vitamines et suppléments."
"MAELSTROM:Breastfeeding","Breastfeeding","Information about the mother nursing an infant at the breast or the child being breastfed (e.g. duration and frequency of breastfeeding).","MAELSTROM:Lifestyle_behaviours","Allaitement","Informations au sujet de la mère nourrissant un enfant au sein ou de l’enfant étant allaité (ex. durée et fréquence de l’allaitement)."
"MAELSTROM:Phys_act","Physical activity","Information about the type, frequency and intensity of physical activity such as exercises and sports (e.g. jogging, playing hockey), daily activities (e.g. household chores, walking the dog) or sedentarity (e.g. lounging on the couch).","MAELSTROM:Lifestyle_behaviours","Activité physique","Informations au sujet du type, de la fréquence et de l’intensité de l’activité physique tels que les exercises et les sports (ex. jogging, hockey), les activités quotidiennes (ex. corvées ménagères, promener le chien) ou la sédentarité (ex. se prélasser sur le canapé)."
"MAELSTROM:Transportation","Transportation","Information about means of transportation used and associated behaviours (e.g. wearing a seat belt, driving to work).","MAELSTROM:Lifestyle_behaviours","Transport","Informations au sujet des moyens de transport utilisés et autres comportements associés (ex. porter une ceinture de sécurité, conduire pour se rendre au travail)."
"MAELSTROM:Pers_hygiene","Personal hygiene","Information about personal hygiene, including oral hygiene (e.g. how often teeth are brushed).","MAELSTROM:Lifestyle_behaviours","Hygiéne personnelle","Informations au sujet de l’hygiène personnelle, incluant l’hygiène buccale (ex. fréquence du brossage des dents)."
"MAELSTROM:Sleep","Sleep","Information about the type, frequency and intensity of sleep behaviours (e.g. hours of sleep, quality of sleep).","MAELSTROM:Lifestyle_behaviours","Sommeil","Informations au sujet du type, de la fréquence et de l’intensité des comportements liés au sommeil (ex. nombre d’heures de sommeil, qualité du sommeil)."
"MAELSTROM:Sex_behav","Sexual behaviours and orientation","Information about the type and frequency of sexual behaviours (e.g. number of partners, frequency of intercourse) and sexual orientation (e.g. homosexuality).","MAELSTROM:Lifestyle_behaviours","Orientations et comportements sexuels","Informations au sujet du type et de la fréquence des comportements sexuels (ex. nombre de partenaires, fréquence des relations sexuelles) et orientation sexuelle (ex. homosexualité)."
"MAELSTROM:Leisure_act","Leisure activities","Information about the type, frequency and intensity of leisure activities other than physical activity (e.g. reading, travelling, socializing).","MAELSTROM:Lifestyle_behaviours","Activités de loisir","Informations au sujet du type, de la fréquence et de l’intensité des activités de loisir autre que l’activité physique (ex. lire, voyager, socialiser)."
"MAELSTROM:Tech_devices","Technological devices","Information about the use of electronic devices and associated technologies (e.g. computer, phone, Internet).","MAELSTROM:Lifestyle_behaviours","Appareils technologiques","Informations au sujet de l’utilisation des appareils électroniques et des technologies associées (ex. ordinateur, téléphone, Internet)."
"MAELSTROM:Misbehav_crim","Misbehaviour and criminality","Information about the type, frequency and consequences of misbehaviour and related legal problems (e.g. number of speeding tickets, shoplifting).","MAELSTROM:Lifestyle_behaviours","Mauvaise conduite et criminalité","Informations au sujet du type, de la fréquence et des conséquences de la mauvaise conduite et des problèmes judiciaires associés (ex. nombre de contraventions pour excès de vitesse, vol à l'étalage)."
"MAELSTROM:Other_lifestyle","Other and unspecified lifestyle information","Information about other (e.g. use of tanning bed) or unspecified lifestyle and behaviours that falls into several categories (e.g. use of tobacco and alcohol).","MAELSTROM:Lifestyle_behaviours","Autres informations en lien avec les habitudes de vie","Informations au sujet d’autres habitudes de vie et comportements (ex. utilisation du lit de bronzage) et habitudes de vie et comportements liés à plusieurs catégories à la fois (ex. tabagisme et consommation d’alcool)."
"MAELSTROM:Reproduction","Reproduction","Information about reproductive functions (e.g. number of eggs by ultrasound).","MAELSTROM:Physical_measures","Reproduction","Informations au sujet des fonctions reproductives (ex. nombre d’ovules mesuré par ultrasons)."
"MAELSTROM:Menstr_menop_andropause","Puberty, menstruation, menopause and andropause","Information about puberty, menstruation, menopause, andropause and related events (e.g. age at first menstruation, age menses stopped).","MAELSTROM:Reproduction","Puberté, menstruation, ménopause et andropause","Informations au sujet de la puberté, des menstruations, de la ménopause, de l’andropause et des évènements associés (ex. âge des premières menstruations, âge de la ménopause)."
"MAELSTROM:Contraception","Contraception","Information about contraception and family planning (e.g. methods of contraception used, child spacing).","MAELSTROM:Reproduction","Contraception","Informations au sujet de la contraception et du planning familial (ex. méthodes de contraception utilisées, espacement des naissances)."
"MAELSTROM:Pregnancy_delivery","Pregnancy, delivery and birth","Information about pregnancy, gravidity, labour, delivery and postpartum including information about any outcomes (e.g. gestational age, expecting/giving birth to twins, parity).
 Also see Dom. 5 \"Diseases (ICD-10)\", under 'Certain conditions originating in the perinatal period (P00-P96)' for information about birth outcomes.","MAELSTROM:Reproduction","Grossesse, accouchement et naissance","Informations au sujet de la grossesse, de la gravidité, de l’accouchement et de la période postpartum incluant les informations relatives aux résultats de la grossesse (ex. âge gestationnel, attendre/donner naissance à des jumeaux, parité).
 Voir aussi Dom. 5 \"Maladies (CIM-10)\", sous 'Certaines affections dont l’origine se situe dans la période périnatale (P00-P96)' pour des informations en lien avec les résultats de la grossesse."
"MAELSTROM:Reprod_sexual_problems","Fertility and sexual health","Information about females' and males' fertility and sexual health (e.g. infertility problems, assisted reproduction).","MAELSTROM:Reproduction","Fertilité et santé sexuelle","Informations au sujet de la fertilité et de la santé sexuelle des femmes et des hommes (ex. problèmes d’infertilité, reproduction assistée)."
"MAELSTROM:Other_reproductive","Other reproductive health-related information","Information about other reproductive health issues.","MAELSTROM:Reproduction","Autres informations en lien avec la santé reproductive","Informations au sujet d’autres enjeux liés à la santé reproductive."
"MAELSTROM:Health_status_functional_limitations","Perception of health, quality of life, development and functional limitations","Information about perception of general health, quality of life, child development and decline of functional capacities.",,"Perception de la santé, qualité de vie, développement et limitations fonctionnelles","Informations au sujet de la perception de la santé générale, de la qualité de vie, du dévéloppement de l’enfant et du déclin des capacités fonctionnelles."
"MAELSTROM:Perc_health","Perception of health","Information about the perception of health (e.g. rating of own health compared to others). It refers to the subjective rating of general health considering physical and mental aspects.","MAELSTROM:Health_status_functional_limitations","Perception de la santé","Informations au sujet de la perception de la santé (ex. évaluation de sa santé en comparaison avec la santé des autres). Cela refère à l’évaluation subjective de la santé générale, considérant les aspects physiques et mentaux de la santé."
"MAELSTROM:Qual_life","Quality of life","Information about past and current quality of life, well-being and life satisfaction (e.g. subjective well-being, assessment of life enjoyment as a whole, happiness).","MAELSTROM:Health_status_functional_limitations","Qualité de vie","Informations au sujet de la qualité de vie passée et actuelle, du bien-être et de la satisfaction face à la vie (ex. bien-être subjectif, évaluation de la capacité à profiter de la vie, bonheur)."
"MAELSTROM:Life_dev","Life course development","Information about child development (e.g. motor, social, emotional and language development). 
 Also see Dom. 13 \"Cognition, personality and psychological measures and assessments\", under 'Cognitive functioning'.","MAELSTROM:Health_status_functional_limitations","Développement au cours de la vie","Informations au sujet du dévéloppement de l’enfant (ex. développement moteur, social, émotionnel et langagier).
 Voir aussi Dom. 13 \"Cognition, personnalité et autres mesures et évaluations psychologiques\", sous 'Fonctionnement cognitif'."
"MAELSTROM:Act_daily_living","Functional limitations","Information about functional activities that involve caring for and moving the body (e.g. walking, bathing, dressing, toileting, eating; i.e. activities of daily living (ADL)) and instrumental activities of daily living (IADL) that people can get help with (e.g. cooking, driving, using the telephone or computer, shopping, handling finances, managing medication). 
 Also see the 'Use of assistive devices' subdomain.","MAELSTROM:Health_status_functional_limitations","Limitations fonctionnelles","Informations au sujet des activités fonctionnelles impliquant de prendre soin de son corps et bouger (ex. marcher, se laver, s’habiller, faire sa toilette, manger, i.e. activités de la vie quotidienne (AVQ)) et les activités instrumentales de la vie quotidienne (AIVQ) pour lesquelles les individus peuvent obtenir de l’aide (ex. cuisiner, conduire, utiliser un téléphone ou un ordinateur, faire les courses, gérer un budget, prendre des médicaments).
 Voir aussi le sous domaine 'Utilisation de dispositifs d’aide'."
"MAELSTROM:Use_devices","Use of assistive devices","Information about the use of assistive devices to enhance and increase independence in performing activities of daily living (e.g. glasses, hearing aids, crutches).","MAELSTROM:Health_status_functional_limitations","Utilisation de dispositifs d’aide","Informations au sujet de l’utilisation de dispositifs d’aide afin d’améliorer et d’augmenter l’indépendance dans l’accomplissement des activités de vie quotidienne (ex. lunettes, appareils auditifs, béquilles)."
"MAELSTROM:Other","Other perception of health, quality of life and functional limitation-related information","Information about other health status and functional limitation-related information.","MAELSTROM:Health_status_functional_limitations","Autres informations en lien avec la perception de la santé, la qualité de vie et les limitations fonctionnelles","Informations au sujet d’autres états de santé ou associées aux limitations fonctionnelles."
"MAELSTROM:Diseases","Diseases","Information about past and current disease as categorized in ICD-10.",,"Maladies","Informations au sujet de maladies passées et actuelles telles que catégorisées dans la CIM-10."
"MAELSTROM:Infectious_dis","Certain infectious and parasitic diseases (A00-B99)","Information about past and current infectious and parasitic diseases generally recognized as communicable or transmissible (e.g. HIV/Aids, Malaria, Tuberculosis).","MAELSTROM:Diseases","Certaines maladies infectieuses et parasitaires (A00-B99)","Informations au sujet de maladies infectieuses et parasitaires passées et actuelles, généralement reconnues comme contagieuses ou transmissibles (ex. VIH/SIDA, paludisme, tuberculose)."
"MAELSTROM:Neoplasms","Neoplasms (C00-D48)","Information about past and current tumours (e.g. benign and malignant neoplasms, in situ neoplasms).","MAELSTROM:Diseases","Tumeurs (C00-D48)","Informations au sujet de tumeurs passées ou actuelles (ex. tumeurs bénignes et malignes, tumeurs in situ)."
"MAELSTROM:Blood_immune_dis","Diseases of the blood and blood-forming organs and certain disorders involving the immune mechanism (D50-D89)","Information about past and current diseases of the blood and blood-forming organs and certain disorders involving the immune mechanism (e.g. nutritional anaemias, coagulation defects).","MAELSTROM:Diseases","Maladies du sang et des organes hématopoïétiques et certaines troubles du système immunitaire (D50-D89)","Informations au sujet de maladies du sang et des organes hématopoïétiques passées et actuelles et de certains troubles du système immunitaire (ex. anémies nutritionnelles, anomalies de la coagulation)."
"MAELSTROM:Endocrine_metabolic_dis","Endocrine, nutritional and metabolic diseases (E00-E90)","Information about past and current endocrine, nutritional and metabolic diseases (e.g. diabetes, thyroid and metabolic disorders, malnutrition).","MAELSTROM:Diseases","Maladies endocriniennes, nutritionnelles et métaboliques (E00-E90)","Informations au sujet de maladies endocriniennes, nutritionnelles et métaboliques passées et actuelles (ex. diabète, troubles thyroïdiens et métaboliques, malnutrition)."
"MAELSTROM:Mental_behav_dis","Mental and behavioural disorders (F00-F99)","Information about past and current mental and behavioural disorders (e.g. dementia, schizophrenia, chronic PTSD, mood affective disorders, mental disorders from substance abuse).","MAELSTROM:Diseases","Troubles mentaux et du comportement (F00-F99)","Informations au sujet de troubles mentaux et du comportement passés et actuels (ex. démence, schizophrénie, syndrome chronique d’√âtat de Stress Post-Traumatique SSPT, troubles de l’humeur (affectifs), troubles mentaux liés à la toxicomanie)."
"MAELSTROM:Nervous_sys_dis","Diseases of the nervous system (G00-G99)","Information about past and current diseases of the nervous system (e.g. Parkinson, Alzheimer, Huntington, inflammatory diseases of the central nervous system).","MAELSTROM:Diseases","Maladies du système nerveux (G00-G99)","Informations au sujet de maladies du système nerveux passées et actuelles (ex. Parkinson, Alzheimer, Huntington, maladies inflammatoires du système nerveux central)."
"MAELSTROM:Eye_adnexa_dis","Diseases of the eye and adnexa (H00-H59)","Information about past and current diseases of the eye and adnexa (e.g. glaucoma, conjunctivitis, cataracts, strabismus, low vision).","MAELSTROM:Diseases","Maladies de l’oeil et de ses annexes (H00-H59)","Informations au sujet de maladies de l’≈ìil et de ses annexes passées et actuelles (ex. glaucome, conjonctivite, cataractes, strabisme, baisse de la vision)."
"MAELSTROM:Ear_mastoid_dis","Diseases of the ear and mastoid process (H60-H95)","Information about past and current diseases of the ear and mastoid process (e.g. otitis, mastoiditis, labyrinthitis, unspecified hearing loss).","MAELSTROM:Diseases","Maladies de l’oreille et de l’apophyse mastoïde (H60-H95)","Informations au sujet de maladies de l’oreille et de l’apophyse mastoïde passées et actuelles (ex. otite, mastoïdite, labyrinthite, perte auditive non spécifiée)."
"MAELSTROM:Circulatory_sys_dis","Diseases of the circulatory system (I00-I99)","Information about past and current diseases of the circulatory system (e.g. hypertension, ischaemic heart diseases, cerebrovascular diseases).","MAELSTROM:Diseases","Maladies de l’appareil circulatoire (I00-I99)","Informations au sujet de maladies de l’appareil circulatoire passées et actuelles (ex. hypertension, maladies cardiaques ischémiques, maladies cérébrovasculaires)."
"MAELSTROM:Respiratory_sys_dis","Diseases of the respiratory system (J00-J99)","Information about past and current diseases of the respiratory system (e.g. asthma, bronchitis, emphysema, chronic obstructive pulmonary disease (COPD), pneumonia, influenza, nasopharyngitis, rhinopharyngitis - \"common cold\").","MAELSTROM:Diseases","Maladies de l’appareil respiratoire (J00-J99)","Informations au sujet de maladies de l’appareil respiratoire passées et actuelles (ex. asthme, bronchite, emphysème, maladie pulmonaire obstructive chronique MPOC, pneumonie, influenza, nasopharyngite, rhinopharyngite ‚Äì \"rhume\")."
"MAELSTROM:Digestive_sys_dis","Diseases of the digestive system (K00-K93)","Information about past and current diseases of the digestive system (e.g. Crohn's disease, hepatitis, irritable bowel disease, cirrhosis, colitis).","MAELSTROM:Diseases","Maladies de l’appareil digestif (K00-K93)","Informations au sujet de maladies de l’appareil digestif passées et actuelles (ex. maladie de Crohn, hépatite, syndrome du côlon irritable, cirrhose, colite)."
"MAELSTROM:Skin_subcutaneous_dis","Diseases of the skin and subcutaneous tissue (L00-L99)","Information about past and current diseases of the skin and subcutaneous tissue (e.g. dermatitis, eczema, urticaria, erythema).","MAELSTROM:Diseases","Maladies de la peau et du tissu cellulaire sous-cutané (L00-L99)","Informations au sujet de maladies de la peau et du tissu cellulaire sous-cutané passées et actuelles (ex. dermatite, eczéma, urticaire, erythème)."
"MAELSTROM:Musculoskeletal_sys_dis","Diseases of the musculoskeletal system and connective tissue (M00-M99)","Information about past and current diseases of the musculoskeletal system and connective tissue (e.g. arthritis, arthrosis, lupus, low back pain).","MAELSTROM:Diseases","Maladies du système ostéo-articulaire, des muscles et du tissu conjonctif (M00-M99)","Informations au sujet de maladies du système ostéo-articulaire, des muscles et du tissu conjonctif passées et actuelles (ex. arthrite, arthrose, lupus, douleurs au bas du dos)."
"MAELSTROM:Genitourinary_sys_dis","Diseases of the genitourinary system (N00-N99)","Information about past and current diseases of the genitourinary system (e.g. renal failure, cystitis, UTI, prostate inflammation, mastitis, endometriosis).","MAELSTROM:Diseases","Maladies de l’appareil génito-urinaire (N00-N99)","Informations au sujet de maladies de l’appareil génito-urinaire passées et actuelles (ex. insuffisance rénale, cystite, infection du tractus urinaire ITU, inflammation de la prostate, mastite, endométriose)."
"MAELSTROM:Pregnancy_childbirth","Pregnancy, childbirth and the puerperium (O00-O9A)","Information about conditions related to or aggravated by pregnancy, childbirth, or by puerperium (maternal causes or obstetric causes) (e.g. eclampsia, placenta praevia). Newborn information is excluded here.
 Also see Dom. 3 \"Birth, pregnancy and reproductive health history\", under 'Pregnancy, delivery, and birth' for information about pregnancy and delivery.","MAELSTROM:Diseases","Grossesse, accouchement et puerpéralité (O00-O9A)","Informations au sujet des conditions reliées à ou aggravées par la grossesse, l’accouchement, ou la puerpéralité (causes maternelles ou obstétriques) (ex. éclampsie, placenta praevia). Les informations sur les nouveau-nés ne sont pas incluses ici.
 Voir aussi Dom. 3 \"Naissance, grossesse et antécédents de santé reproductive\", sous 'Grossesse, accouchement et naissance' pour des informations en lien avec la grossesse et l’accouchement."
"MAELSTROM:Perinatal_cond","Certain conditions originating in the perinatal period (P00-P96)","Information about effects of complications of pregnancy, labour and delivery on the fetus and newborn, including birth traumas, disorders and infections specific to the perinatal period (e.g. birth injury, respiratory distress of newborn). Maternal information is excluded here.
 Also see Dom. 3 \"Birth, pregnancy and reproductive health history\", under 'Pregnancy, delivery, and birth' for information about birth.","MAELSTROM:Diseases","Certaines affections dont l’origine se situe dans la période périnatale (P00-P96)","Informations au sujet des effets de complications de la grossesse et de l’accouchement sur le f≈ìtus et le nouveau-né incluant les traumatismes de naissance, les troubles et infections spécifiques à la période périnatale (ex. blessure reliée à la naissance, détresse respiratoire du nouveau-né). Les informations sur la mère ne sont pas incluses ici.
 Voir aussi Dom. 3 \"Naissance, grossesse et antécédents de santé reproductive\", sous 'Grossesse, accouchement et naissance' pour des informations en lien avec la naissance."
"MAELSTROM:Cong_malform_chrom_abnor","Congenital malformations, deformations and chromosomal abnormalities (Q00-Q99)","Information about congenital malformations, deformations and chromosomal abnormalities (e.g. cleft lip and palate, spina bifida, aortic septal defect).","MAELSTROM:Diseases","Malformations congénitales, déformations et anomalies chromosomiques (Q00-Q99)","Informations au sujet de malformations congénitales, déformations et anomalies chromosomiques (ex. fente labiale et palatine, spina bifida, malformation du septum aortique)."
"MAELSTROM:Injury_poisoning","Injury, poisoning and certain other consequences of external causes (S00-T98)","Information about past and current injury, poisoning and certain other consequences of external causes (e.g. burns, fractures, cuts, corrosions, poisoning, allergies).","MAELSTROM:Diseases","Lésions traumatiques, empoisonnements et certaines autres conséquences de causes externes (S00-T98)","Informations au sujet de lésions traumatiques, empoisonnements et certaines autres conséquences de causes externes passées et actuelles (ex. br√ªlures, fractures, coupures, empoisonnements, allergies)."
"MAELSTROM:Morbidity_mortality_ext","External causes of morbidity and mortality (V01-Y98)","Information about past and current external causes of morbidity and mortality (e.g. traffic injuries, falls, explosion, intentional self-harm).","MAELSTROM:Diseases","Causes externes de morbidité et de mortalité (V01-Y98)","Informations au sujet de causes externes de morbidité et de mortalité passées et actuelles (ex. blessures reliées à la circulation, chutes, explosions, blessures auto-infligées)."
"MAELSTROM:Other_dis","Diseases without precise specification or falling into multiple categories","Information about past and current diseases without specification of exact disease (e.g. number of chronic diseases, unspecified diseases) or combination of diseases falling into different categories (e.g. Alzheimer or dementia, developmental disability).","MAELSTROM:Diseases","Maladies sans spécification précise ou en lien avec de multiples catégories","Informations au sujet de maladies passées et actuelles sans spécification exacte (ex. nombre de maladies chroniques, maladies non-spécifiées) ou une combinaison de maladies appartenant à différentes catégories (ex. Alzheimer ou démence, trouble du dévéloppement)."
"MAELSTROM:Symptoms_signs","Symptoms and signs","Information about past and current symptoms and signs as categorized in ICD-10.",,"Symptômes et signes","Informations au sujet de symtômes et signes passés et actuels tels que catégorisés dans la CIM-10."
"MAELSTROM:Circulatory_respiratory_sympt","Symptoms and signs involving the circulatory and respiratory systems (R00-R09)","Information about past and current symptoms and signs involving the circulatory and respiratory systems (e.g. tachycardia, epistaxis, cough, wheezing).","MAELSTROM:Symptoms_signs","Symptômes et signes relatifs aux appareils circulatoire et respiratoire (R00-R09)","Informations au sujet de symptômes et signes passés et actuels impliquant les appareils circulatoire et respiratoire (ex. tachycardie, épistaxis, toux, respiration sifflante)."
"MAELSTROM:Digestive_sympt","Symptoms and signs involving the digestive system and abdomen (R10-R19)","Information about past and current symptoms and signs involving the digestive system and abdomen (e.g. nausea, vomiting, heartburn, bloating).","MAELSTROM:Symptoms_signs","Symptômes et signes relatifs à l’appareil digestif et à l’abdomen (R10-R19)","Informations au sujet de symptômes et signes passés et actuels impliquant l’appareil digestif et l’abdomen (ex. nausée, vomissement, br√ªlure d’estomac, ballonnement)."
"MAELSTROM:Skin_subcut_sympt","Symptoms and signs involving the skin and subcutaneous tissue (R20-R23)","Information about past and current symptoms and signs involving the skin and subcutaneous tissue (e.g. local swellings, masses, lumps, cyanosis, flushing, desquamation).","MAELSTROM:Symptoms_signs","Symptômes et signes relatifs à la peau et aux tissus cellulaires sous-cutanés (R20-R23)","Informations au sujet de symptômes et signes passés et actuels impliquant la peau et le tissu cellulaire sous-cutané (ex. oedèmes, masses, cyanose, rougeurs, desquamation)."
"MAELSTROM:Nervous_musculoskeletal_sympt","Symptoms and signs involving nervous and musculoskeletal systems (R25-R29)","Information about past and current symptoms and signs involving the nervous and musculoskeletal systems (e.g. tremor, abnormal reflexes, cramps, spasms).","MAELSTROM:Symptoms_signs","Symptômes et signes relatifs aux appareils nerveux et ostéo-musculaires (R25-R29)","Informations au sujet de symptômes et signes passés et actuels impliquant les appareils nerveux et musculo-squelettique (ex. tremblements, réflexes anormaux, crampes, spasmes)."
"MAELSTROM:Urinary_sympt","Symptoms and signs involving the urinary system (R30-R39)","Information about past and current symptoms and signs involving the urinary system (e.g. dysuria, retention of urine).","MAELSTROM:Symptoms_signs","Symptômes et signes relatifs à l’appareil urinaire (R30-R39)","Informations au sujet de symptômes et signes passés et actuels impliquant l’appareil urinaire (ex. dysurie, rétention d’urine)."
"MAELSTROM:Cognitive_perc_emotional_sympt","Symptoms and signs involving cognition, perception, emotional state and behaviour (R40-R46)","Information about past and current symptoms and signs involving cognition, perception, emotional state and behaviour (e.g. somnolence, dizziness, hallucinations, nervousness, hostility). 
 Also see Dom. 13 \"Cognition, personality and psychological measures and assessments\" for symptoms that might be part of cognitive, personality or psychological scales.","MAELSTROM:Symptoms_signs","Symptômes et signes relatifs à la connaissance, la perception, l’humeur et le comportement (R40-R46)","Informations au sujet de symptômes et signes passés et actuels impliquant la cognition, la perception, l’état émotionnel et le comportement (ex. somnolence, étourdissements, hallucinations, nervosité, hostilité).
 Voir aussi Dom. 13 \"Cognition, personnalité et autres mesures et évaluations psychologiques\" pour les symptômes qui pourraient impliquer les échelles cognitives, de personnalité ou psychologiques."
"MAELSTROM:Speech_voice_sympt","Symptoms and signs involving speech and voice (R47-R49)","Information about past and current symptoms and signs involving speech and voice (e.g. aphasia, dysphonia, hypernasality).","MAELSTROM:Symptoms_signs","Symptômes et signes relatifs au langage et à la voix (R47-R49)","Informations au sujet de symptômes et signes passés et actuels impliquant le langage et la voix (ex. aphasie, dysphonie, hypernasalité)."
"MAELSTROM:General_sympt","General symptoms and signs (R50-R69)","Information about past and current general symptoms and signs (e.g. fever, headache, malaise and fatigue, lethargy, senility, pain).","MAELSTROM:Symptoms_signs","Symptômes et signes généraux (R50-R69)","Informations au sujet de symptômes et signes généraux passés et actuels (ex. fièvre, maux de tête, malaise et fatigue, léthargie, sénilité, douleur)."
"MAELSTROM:Other_sympt","Symptoms related to multiple categories","Information about past and current symptoms and signs related to multiple categories of symptoms and signs (e.g. number of symptoms, unspecified symptoms).","MAELSTROM:Symptoms_signs","Symptômes en lien avec de multiples catégories","Informations au sujet de symptômes et signes passés et actuels en lien avec de multiples catégories (ex. nombre de symptômes, symptômes non spécifiés)."
"MAELSTROM:Medication_supplements","Medication and supplements","Information about medication (whether prescribed or over the counter), including drugs and supplements (e.g. vitamins, plant extracts) used to treat or prevent diseases or to alleviate symptoms of diseases.",,"Médicaments et suppléments","Informations au sujet de la médication (prescrite ou en vente libre), incluant les médicaments et les suppléments (ex. vitamines, extraits de plantes) utilisés pour traiter ou prévenir des maladies ou pour soulager des symptômes."
"MAELSTROM:Medication_suppl","Medication and supplement intake","Information about any drugs or medications that treat, prevent or alleviate symptoms of a disease (e.g. Advil, chemotherapy, vitamin C, Ginseng, nicotine patches, vaccination).","MAELSTROM:Medication_supplements","Médicaments et suppléments","Informations au sujet de tous médicaments ou suppléments qui traitent, préviennent ou soulagent les symptômes d’une maladie (ex. Advil, chimiothérapie, vitamine C, Ginseng, timbres de nicotine, vaccination)."
"MAELSTROM:Posology_protocol","Posology and protocol of administration","Information about the context of medication use (e.g. time, frequency and quantity of medication taken, absorption route and adherence).","MAELSTROM:Medication_supplements","Posologie et protocole d’administration","Informations au sujet du contexte de la prise de médicaments (ex. moment, fréquence et quantité des médicaments pris, voie d’absorption et observance)."
"MAELSTROM:Other_pharmacological_inter","Other and unspecified pharmacological interventions","Information about other pharmacological interventions not mentioned above or unspecified pharmacological interventions (e.g. sunscreen).","MAELSTROM:Medication_supplements","Autres interventions pharmacologiques","Informations au sujet d’autres interventions pharmacologiques non mentionnées ci-dessus ou d’interventions pharmacologiques non spécifiées (ex. application de crème solaire)."
"MAELSTROM:Non_pharmacological_interventions","Non-pharmacological interventions","Information about non-pharmacological interventions to treat, manage or prevent diseases or to alleviate symptoms of diseases.
 See Dom. 9 \"Health and community care services utilization\" for information about the use of services.",,"Interventions non-pharmacologiques","Informations au sujet d’interventions non-pharmacologiques utilisées pour traiter, gérer ou prévenir des maladies ou pour soulager des symptômes. 
 Voir Dom. 9 \"Utilisation des services de santé et communautaires\" pour des informations en lien avec l’utilisation de services."
"MAELSTROM:Surgical_inter","Surgical interventions","Information about diagnostic, preventive or therapeutic surgical interventions (e.g. biopsy, removal of gall bladder).","MAELSTROM:Non_pharmacological_interventions","Interventions chirurgicales","Informations au sujet d’interventions chirurgicales diagnostiques, préventives ou thérapeutiques (ex. biopsie, ablation de la vésicule biliaire)."
"MAELSTROM:Radiological_inter","Radiological interventions","Information about diagnostic, preventive or therapeutic radiological interventions (e.g. x-rays, radiation treatment for cancer).","MAELSTROM:Non_pharmacological_interventions","Interventions radiologiques","Informations au sujet d’interventions radiologiques diagnostiques, préventives ou thérapeutiques (ex. rayons X, traitement de radiothérapie contre le cancer)."
"MAELSTROM:Physical_inter","Physical therapy interventions","Information about preventive or therapeutic physical therapy interventions (e.g. physiotherapy, exercises).","MAELSTROM:Non_pharmacological_interventions","Interventions de thérapie physique","Informations au sujet d’interventions de thérapie physique préventives ou thérapeutiques (ex. physiothérapie, exercices physiques)."
"MAELSTROM:Cognitive_psycho_sensory_inter","Cognitive, psychological and sensory interventions","Information about preventive or therapeutic cognitive, psychological and sensory interventions (e.g. psychotherapy, aromatherapy, memory exercises).","MAELSTROM:Non_pharmacological_interventions","Interventions cognitives, psychologiques et sensorielles","Informations au sujet d’interventions cognitives, psychologiques et sensorielles préventives ou thérapeutiques (ex. psychothérapie, aromathérapie, exercices de mémoire)."
"MAELSTROM:Educational_inter","Educational and health promotion interventions","Information about preventive or therapeutic educational and health promotion interventions (e.g. smoking cessation programs, prevention of infectious disease programs).
 Also see Dom. 9 \"Health and community care services utilization\", under 'Community and social care' for information about utilization of organized community services.","MAELSTROM:Non_pharmacological_interventions","Interventions éducatives et de promotion de la santé","Informations au sujet d’interventions éducatives et de promotion de la santé préventives ou thérapeutiques (ex. programmes de cessation du tabagisme, programmes de prévention des maladies infectieuses).
 Voir aussi Dom. 9 \"Utilisation des services de santé et communautaires\", sous 'Soins communautaires et sociaux' pour des informations en lien avec l'utilisation des services communautaires organisés."
"MAELSTROM:Biosample_analyses","Laboratory diagnosis interventions","Information about laboratory biosample analyses for diagnostic purposes (e.g. prostate-specific antigen (PSA) test, cholesterol test).
 Also see Dom. 12 \"Laboratory measures\" for results of laboratory analyses.","MAELSTROM:Non_pharmacological_interventions","Interventions de diagnostics en laboratoire","Informations au sujet d’analyses d’échantillons biologiques en laboratoire à des fins de diagnostic (ex. test de l’antigène prostatique spécifique (APS), test de cholestérol).
 Voir aussi Dom. 12 \"Mesures de laboratoire\" pour les résultats des analyses de laboratoire."
"MAELSTROM:Other_non_pharmacological_inter","Other and unspecified non-pharmacological interventions","Information about other non-pharmacological interventions not mentioned above (e.g. dental exam) or unspecified non-pharmacological interventions.","MAELSTROM:Non_pharmacological_interventions","Autres informations en lien avec les interventions non-pharmacologiques","Informations au sujet d’autres interventions non-pharmacologiques non mentionnées ci-dessus (ex. examen dentaire) ou d’interventions non-pharmacologiques non spécifiées."
"MAELSTROM:Health_community_care_utilization","Health and community care services utilization","Information about health services utilization such as medical visits to a healthcare professional, hospitalizations or community care.
 See Dom. 8 \"Non-pharmacological interventions\" for information about specific types of interventions.",,"Utilisation des services de santé et communautaires","Informations au sujet de l’utilisation des services de santé telle que les visites chez un professionnel de la santé, les hospitalisations ou les soins communautaires.
 Voir Dom. 8 \"Interventions non-pharmacologiques\" pour des informations en lien avec des types spécifiques d'interventions."
"MAELSTROM:Visit_health_prof","Visits to health professionals","Information about past and current visits to a general practitioner (e.g. family doctor), dentist or specialist (e.g. pediatric doctor, psychologist).","MAELSTROM:Health_community_care_utilization","Consultations de professionnels de la santé","Informations au sujet de visites passées et actuelles chez un médecin généraliste (ex. médecin de famille), un dentiste ou un spécialiste (ex. pédiatre, psychologue)."
"MAELSTROM:Hospitalizations","Hospitalizations","Information about past and current hospitalizations (e.g. number of days hospitalized, year of hospitalization).","MAELSTROM:Health_community_care_utilization","Hospitalisations","Informations au sujet d’hospitalisations passées et actuelles (ex. nombre de jours hospitalisé, année de l’hospitalisation)."
"MAELSTROM:Community_care","Community and social care","Information about past and current use of community and social care (e.g. meal delivery, nurse visiting at home, social services, support group). Only formal care is included here.
 Also see Dom. 8 \"Non-pharmacological intervention\", under 'Educational and health promotion interventions' for information about preventive or therapeutic programs.
 Also see Dom. 16 \"Social environment and relationships\", under 'Social support' for information about care given by family members.","MAELSTROM:Health_community_care_utilization","Soins communautaires et sociaux","Informations au sujet de l’utilisation passée et actuelle des soins communautaires et sociaux (ex. popote roulante, visite d'une infirmière à domicile, services sociaux, groupes de soutien). Seuls les soins formels sont inclus ici.
 Voir aussi Dom. 8 \"Interventions non-pharmacologiques\", sous 'Interventions éducatives et de promotion de la santé' pour des informations en lien avec les programmes préventifs ou thérapeutiques.
 Voir aussi Dom. 16 \"Environnement et relations sociales\", sous 'Soutien social' pour des informations en lien avec les soins donnés par des membres de la famille."
"MAELSTROM:Other_health_and_community_care","Other health and community care","Information about past and current use of other health and community care institutions or services (e.g. group home, shelter, information from Internet).","MAELSTROM:Health_community_care_utilization","Autres soins de santé et communautaires","Informations au sujet de l’utilisation passée et actuelle d’autres institutions ou services de santé et de soins communautaires (ex. foyer d’accueil, refuge, informations provenant d’Internet)."
"MAELSTROM:End_of_life","Death","Information about death.",,"Décès","Informations au sujet de la mort."
"MAELSTROM:Life_status","Vital status","Information about the vital status (e.g. alive, deceased, age at death).","MAELSTROM:End_of_life","Statut vital","Informations au sujet du statut vital (ex. vivant, décédé, âge au décès)."
"MAELSTROM:Cause_death","Cause of death","Information about the cause of death (e.g. pneumonia, suicide).","MAELSTROM:End_of_life","Cause du décès","Informations au sujet de la cause du décès (ex. pneumonie, suicide)."
"MAELSTROM:Other_death","Other end of life or death-related information","Other information related to end of life or death (e.g. preferences with end of life care, funeral).","MAELSTROM:End_of_life","Autres informations en lien avec la fin de vie ou le décès","Autres informations en lien avec la fin de vie ou le décès (ex. préférences à propos des soins de fin de vie, funérailles)."
"MAELSTROM:Physical_measures","Physical measures and assessments","Information about physical functioning. Information in this domain is generally measured.
 See Dom. 18 \"Administrative information\" for measure-related information (e.g. date of test, arm used).",,"Mesures et évaluations physiques","Informations au sujet des fonctions physiques. Les informations dans ce domaine sont généralement mesurées.
 Voir Dom. 18 \"Informations administratives\" pour des informations en lien avec les mesures (ex. date du test, bras utilisé)."
"MAELSTROM:Physical_characteristics","Physical characteristics","Information about physical characteristics (e.g. natural eye and hair colour, hand, foot and eye dominance).","MAELSTROM:Physical_measures","Caractéristiques physiques","Informations au sujet des caractéristiques physiques (ex. couleur naturelle des yeux et des cheveux, dominance manuelle, podale et occulaire)."
"MAELSTROM:Anthropo_measures","Anthropometry","Information about anthropometry (e.g. height, birth weight). It can include measured and self-reported values.","MAELSTROM:Physical_measures","Anthropométrie","Informations au sujet de l’anthopométrie (ex. taille, poids à la naissance). Peut inclure des valeurs mesurées et auto-rapportées."
"MAELSTROM:Circulation_respiration","Circulation and respiration","Information about circulation and respiration (e.g. blood pressure, spirometry).","MAELSTROM:Physical_measures","Circulation et respiration","Informations au sujet de la circulation et de la respiration (ex. pression sanguine, spirométrie)."
"MAELSTROM:Muscles_skeleton_mobility","Muscles, skeleton and mobility","Information about muscles, bones, movement and mobility (e.g. hand grip strength, timed 10-meter walk test, osteodensitometry).","MAELSTROM:Physical_measures","Muscles, squelette et mobilité","Informations au sujet des muscles, des os, du mouvement et de la mobilité (ex. force de préhension de la main, test de 10 mètres de marche chronométré, ostéodensitométrie)."
"MAELSTROM:Sensory_pain","Sensory and pain","Information about sensory functions (e.g. eye exam, Snellen eye chart, hearing test) and pain (e.g. dolorimetry).","MAELSTROM:Physical_measures","Système sensoriel et douleur","Informations au sujet des fonctions sensorielles (ex. examen de la vue, examen des yeux en utilisant l’échelle de Snellen, test auditif) et de la douleur (ex. dolorimétrie)."
"MAELSTROM:Brain_nerves","Brain and nerves","Information about the central (brain and spinal cord) and peripheral (nerves) nervous system (e.g. electrical impulse detection (EEG, EMG)).","MAELSTROM:Physical_measures","Cerveau et nerfs","Informations au sujet du système nerveux central (cerveau et mo√´lle épinière) et périphérique (nerfs) (ex. détection de l’impulsion électrique (EEG, EMG))."
"MAELSTROM:Skin_subcutaneous","Skin and subcutaneous tissue","Information about skin and subcutaneous tissue (e.g. skinfold caliper).","MAELSTROM:Physical_measures","Peau et tissus sous-cutanés","Informations au sujet de la peau et des tissus sous-cutanés (ex. mesure du pli cutané)."
"MAELSTROM:Speech_voice","Speech and voice","Information about speech and voice (e.g. pitch intensity profile).","MAELSTROM:Physical_measures","Langage et voix","Informations au sujet de l’élocution et de la voix (ex. profil de l’intensité et de la hauteur de la voix)."
"MAELSTROM:Digestion","Digestion","Information about digestion (e.g. motility test).","MAELSTROM:Physical_measures","Digestion","Informations au sujet de la digestion (ex. test de motilité)."
"MAELSTROM:Other_phys_measures","Other physical measures and assessments","Information about other physical measures (e.g. Apgar, Actiwatch measurements (activity, sleep, wake and light exposure)).","MAELSTROM:Physical_measures","Autres mesures et évaluations physiques","Informations au sujet d’autres mesures physiques (ex. Apgar, Actiwatch (activité, sommeil, temps d’éveil et exposition à la lumière))."
"MAELSTROM:Laboratory_measures","Laboratory measures","Information about laboratory analyses for which a biological specimen was taken.
 See Dom. 18 \"Administrative information\" for measure-related information (e.g. date of sample collection).",,"Mesures de laboratoire","Informations au sujet d’analyses de laboratoire pour lesquelles un échantillion biologique a été collecté.
 Voir Dom. 18 \"Informations administratives\" pour des informations en lien avec les mesures (ex. date de la collecte de l’échantillon)."
"MAELSTROM:Hematology","Hematology","Information about blood characteristics (e.g. complete blood count, platelets, hematocrit).","MAELSTROM:Laboratory_measures","Hématologie","Informations au sujet des caractéristiques du sang (ex. formule sanguine complète, plaquettes, hématocrite)."
"MAELSTROM:Biochemistry","Biochemistry","Information about chemical components (e.g. cholesterol, glucose, lipids, hormones).","MAELSTROM:Laboratory_measures","Biochimie","Informations au sujet des composants chimiques (ex. cholestérol, glucose, lipides, hormones)."
"MAELSTROM:Microbiology","Microbiology","Information about microscopic organisms (e.g. bacteria, fungi or parasites).","MAELSTROM:Laboratory_measures","Microbiologie","Informations au sujet des organismes microscopiques (ex. bactéries, champignons ou parasites)."
"MAELSTROM:Virology","Virology","Information about viral infections, either observed directly by viral antigen detection (e.g. RSV, HSV) or through an antibody (e.g. HIV, Anti-HBc).","MAELSTROM:Laboratory_measures","Virologie","Informations au sujet des infections virales, soit observées directement par la détection des antigènes viraux (ex. VRS, VHS), ou par un anticorps (ex. VIH, anti-HBc)."
"MAELSTROM:Immunology","Immunology","Information about antibodies (e.g. IgE, IgA).","MAELSTROM:Laboratory_measures","Immunologie","Informations au sujet des anticorps (ex. IgE, IgA)."
"MAELSTROM:Toxicology","Toxicology","Information about toxic components (e.g. amphetamines, cocaine, lead).","MAELSTROM:Laboratory_measures","Toxicologie","Informations au sujet des composants toxiques (ex. amphétamines, cocaïne, plomb)."
"MAELSTROM:Histology","Histology","Information about microscopic anatomy of cells and tissues (e.g. Papanicolaou test, biopsy analysis).","MAELSTROM:Laboratory_measures","Histologie","Informations au sujet de l’anatomie microscopique des cellules et des tissus (ex. test de Papanicolaou, analyse de biopsies)."
"MAELSTROM:Genomics","Genomics","Information about genes (e.g. anti-dsDNA, anti-nuclear antibody test) including genetics, epigenetics and proteomics.","MAELSTROM:Laboratory_measures","Génomique","Informations au sujet des gènes (ex. anti-ADNdb, test d’anticorps antinucléaire) incluant la génétique, l’épigénétique et la protéomique."
"MAELSTROM:Other_lab_measures","Other laboratory measures","Information about other laboratory measures.","MAELSTROM:Laboratory_measures","Autres mesures de laboratoire","Informations au sujet d’autres mesures de laboratoire."
"MAELSTROM:Cognitive_psychological_measures","Cognition, personality and psychological measures and assessments","Information about cognition, personality and psychological functioning.
 See Dom. 5 \"Diseases (ICD-10)\" for information about diagnoses.
 See Dom. 6 \"Symptoms and signs (ICD-10)\", under 'cognition, perception, emotional state and behaviour (R40-R46)', for information about symptoms of psychological distress and emotions.
 See Dom. 18 \"Administrative information\" for measure-related information (e.g. date of assessment).",,"Cognition, personnalité et autres mesures et évaluations psychologiques","Informations au sujet de la cognition, de la personnalité et du fonctionnement psychologique.
 Voir Dom. 5 \"Maladies (CIM-10)\" pour des informations en lien avec les diagnostics.
 Voir Dom. 6 \"Symptômes et signes (CIM-10)\", sous 'Symptômes et signes relatifs à la connaissance, la perception, l’humeur et le comportement (R40-R46)', pour des informations en lien avec les symptômes de détresse psychologique et les émotions.
 Voir Dom. 18 \"Informations administratives\" pour des informations en lien avec les mesures (ex. date d’évaluation)."
"MAELSTROM:Cognitive_functioning","Cognitive functioning","Information about test-based measurement of a person's ability to remember, solve problems, work/respond quickly or their level of knowledge and verbal abilities. 
 Also see Dom. 6 \"Symptoms and signs (ICD-10)\", under 'cognition, perception, emotional state and behaviour (R40-R46)', for information about memory problems not involving measurement (symptoms).","MAELSTROM:Cognitive_psychological_measures","Fonctionnement cognitif","Informations au sujet de mesures basées sur des tests évaluant la capacité d’une personne à se rappeler, résoudre des problèmes, travailler/répondre rapidement ou son niveau de connaissances et ses aptitudes verbales.
 Voir aussi Dom. 6 \"Symptômes et signes (CIM-10)\", sous 'Symptômes et signes rélatifs à la connaissance, la perception, l’humeur et le comportement (R40-R46)', pour des informations en lien aux problèmes de mémoire n’impliquant pas de mesures (symptômes)."
"MAELSTROM:Personality","Personality","Information about patterns of thoughts, feelings, and behaviours including traits (e.g. neuroticism, openness, extraversion, conscientiousness, agreeableness) and personality action constructs (e.g. locus of control, self-efficacy, optimism).","MAELSTROM:Cognitive_psychological_measures","Personnalité","Informations au sujet des modes de pensée, des sentiments et des comportements y compris les traits de personalité (ex. névrose, ouverture, extraversion, conscience, agréabilité) et les construits de la personnalité basés sur l’action (ex. locus de contrôle, auto-efficacité, optimisme)."
"MAELSTROM:Psychological_emotional_distress","Psychological distress and emotions","Information about mood collected by questionnaires (e.g. depression, anxiety) rather than diagnosis (contrast to F00-F99).","MAELSTROM:Cognitive_psychological_measures","Détresse psychologique et émotions","Informations au sujet de l’humeur recueillies par questionnaires (ex. dépression, anxiété) plutôt qu’un diagnostic (par opposition au F00-F99)."
"MAELSTROM:Other_psycholog_measures","Other psychological measures and assessments","Information about other psychological measures.","MAELSTROM:Cognitive_psychological_measures","Autres mesures et évaluations psychologiques","Informations au sujet d’autres mesures psychologiques."
"MAELSTROM:Life_events_plans_beliefs","Life events, life plans, beliefs and values","Information about life events, life plans, beliefs and values.",,"√âvénements de vie, plans de vie, croyances et valeurs","Informations au sujet des événements de vie, plans de vie, croyances et valeurs."
"MAELSTROM:Life_events","Life events","Information about major (e.g. child abuse, war, death of a friend) and minor (e.g. home renovation) life events.","MAELSTROM:Life_events_plans_beliefs","√âvénements de vie","Informations au sujet des événements de vie majeurs (ex. maltraitance infantile, guerre, mort d’un ami) et mineurs (ex. travaux de rénovation)."
"MAELSTROM:Life_plans","Life plans","Information about life plans (e.g. future wedding plans, plan to attend university).","MAELSTROM:Life_events_plans_beliefs","Plans de vie","Informations au sujet des plans de vie (ex. plans de mariage, intention d'aller à l'université)."
"MAELSTROM:Beliefs_values","Beliefs and values","Information about concepts that an individual hold to be true or important, which determine attitudes and opinions (e.g. social views, faith, sense of right and wrong).","MAELSTROM:Life_events_plans_beliefs","Croyances et valeurs","Informations au sujet des concepts qu’un individu considère comme vrais ou importants, qui déterminent les attitudes et les opinions (ex. opinions sociales, foi, sens du bien et du mal)."
"MAELSTROM:Other_life_events","Other life events, plans and beliefs","Information about other events, plans and personal beliefs.","MAELSTROM:Life_events_plans_beliefs","Autres informations en lien avec les événements de vie, plans et croyances","Informations au sujet d’autres événements, plans et croyances personnelles."
"MAELSTROM:Preschool_school_work","Preschool, school and work life","Information about preschool life, school life and work life.",,"Vie préscolaire, scolaire et professionnelle","Informations au sujet de la vie préscolaire, scolaire et professionnelle."
"MAELSTROM:Preschool","Preschool life","Information about the care and daycare environment (e.g. frequency of daycare attendance, person taking care of the child during the day, satisfaction with the care received).
 Also see Dom. 16 \"Social environment and relationships\", under 'Parenting and familial environment' for information about parenting style and behaviours.","MAELSTROM:Preschool_school_work","Vie préscolaire","Informations au sujet de l’environnement préscolaire et de garde (ex. fréquence de la présence à la garderie, personne prenant soin de l’enfant durant la journée, satisfaction avec les soins reçus).
 Voir aussi Dom. 16 \"Environnement et relations sociales\", sous 'Rôle parental et environnement familial' pour des informations en lien avec le style et les comportements parentaux."
"MAELSTROM:School","School life","Information about the school environment (e.g. participation in school activities, favourite subject, performance, number of days missing school, services and support offered by the school). 
 Also see Dom. 1 \"Socio-demographic and economic characteristics\", under 'Education' for information about the level of education achieved.","MAELSTROM:Preschool_school_work","Vie scolaire","Informations au sujet de l’environnement scolaire (ex. participation aux activités scolaires, matière favorite, performance, nombre de jours d’absentéisme, services et soutien offerts par l'école).
 Voir aussi Dom. 1 \"Caractéristiques socio-démographiques et économiques\", sous 'Éducation' pour des informations en lien avec le niveau d’éducation atteint."
"MAELSTROM:Work","Work life","Information about the job environment (e.g. responsibilities at work, satisfaction with current employment, reasons for reduction in work performance).
 Also see Dom. 1 \"Socio-demographic and economic characteristics\", under 'Labour force and retirement' for information about employment status.","MAELSTROM:Preschool_school_work","Vie professionnelle","Informations sur l’environnement professionnel (ex. responsabilités au travail, satisfaction par rapport à l’emploi actuel, raisons de la réduction de la performance au travail).
 Voir aussi Dom. 1 \"Caractéristiques socio-démographiques et économiques\", sous 'Emploi et retraite' pour des informations en lien avec l’emploi."
"MAELSTROM:Other_school_work","Other preschool, school or work life-related information","Information about other preschool, school or work life-related information.","MAELSTROM:Preschool_school_work","Autres informations en lien avec la vie préscolaire, scolaire et professionnelle","Autres informations en lien avec la vie préscolaire, scolaire et professionnelle."
"MAELSTROM:Social_environment","Social environment and relationships","Information about relationships and support given and received from the social environment.",,"Environnement et relations sociales","Informations au sujet des relations et du soutien social donné et reçu par l’environnement social."
"MAELSTROM:Soc_network","Social network","Information about the composition of personal relationships (e.g. number of friends, number of years since friends were made).
 Also see Dom. 1 \"Socio-demographic and economic characteristics\", under 'Family and household structure'.","MAELSTROM:Social_environment","Réseau social","Informations au sujet de la composition des relations personnelles (ex. nombre d’amis, nombre d’années depuis le début de l’amitié).
 Voir aussi Dom. 1 \"Caractéristiques socio-démographiques et économiques\", sous 'Structure familiale et domestique'."
"MAELSTROM:Soc_participation","Social participation","Information about social involvement and interaction with others (e.g. volunteering, making donations, participating in recreational and religious activities).","MAELSTROM:Social_environment","Participation sociale","Informations au sujet de l’implication sociale et de l’intéraction avec les autres (ex. faire du bénévolat, faire des dons, participer à des activités récréatives et religieuses)."
"MAELSTROM:Soc_support","Social support","Information about actual or perceived social support. Support can be emotional (e.g. having friends, family members to talk to or to ask for help), or instrumental (e.g. access to information, financial and practical help). The support can be given or received and is based on a personal relationship.","MAELSTROM:Social_environment","Soutien social","Informations au sujet du soutien social réel ou perçu. Le soutien peut être émotionnel (ex. avoir des amis, des membres de la famille à qui parler ou demander de l’aide), ou instrumental (ex. accès à l’information, aide financière et pratique). Le soutien peut être donné ou reçu et est basé sur une relation interpersonnelle."
"MAELSTROM:Parenting","Parenting and familial environment","Information about parenting style and behaviours, the parent-child attachment and the home atmosphere (e.g. reading to your child, rules and discipline).
 Also see Dom. 15 \"Preschool, school and professional life\", under 'Preschool life' for information about child care and daycare environment.","MAELSTROM:Social_environment","Rôle parental et environnement familial","Informations au sujet du style et des comportements parentaux, de l’attachement parent-enfant et de l’ambiance au domicile familial (ex. faire la lecture à votre enfant, règles et discipline).
 Voir aussi Dom. 15 \"Vie préscolaire, soclaire et professionnelle\", sous 'Vie préscolaire' pour des informations en lien avec l’environnement préscolaire et de garde."
"MAELSTROM:Other_soc_characteristics","Other social environment characteristics","Information about other social environment characteristics (e.g. pets one can talk to).","MAELSTROM:Social_environment","Autres caractéristiques de l’environnement social","Informations au sujet d’autres caractéristiques de l’environnement social (ex. animaux de compagnie)."
"MAELSTROM:Physical_environment","Physical environment","Information about the characteristics of the physical environment and physical or chemical exposures arising from this environment.",,"Environnement physique","Informations au sujet des caractéristiques de l’environnement physique ou de l’exposition à des éléments physiques et chimiques provenant de cet environnement."
"MAELSTROM:Housing","Housing characteristics","Information about characteristics of the house an individual lives in (e.g. year the house was built, heat source).","MAELSTROM:Physical_environment","Caractéristiques du logement","Informations au sujet des caractéristiques du logement dans lequel l’individu vit (ex. année de construction de la maison, source de chauffage)."
"MAELSTROM:Neighborhood","Built environment/neighbourhood characteristics","Information about characteristics of the physical environment outside the home and workplace (e.g. residential density, proximity to parks, available transportation).","MAELSTROM:Physical_environment","Caractéristiques de l’environnement construit ou du quartier","Informations au sujet des caractéristiques de l’environnement physique en dehors du domicile et du lieu de travail (ex. densité résidentielle, proximité des parcs, moyens de transport disponibles)."
"MAELSTROM:Workplace","Workplace characteristics","Information about physical characteristics of the workplace (e.g. address, building characteristics, ventilation, work inside/outside a building).","MAELSTROM:Physical_environment","Caractéristiques du lieu de travail","Informations au sujet des caractéristiques physiques du lieu de travail (ex. adresse, caractéristiques de l’immeuble, ventilation, travail à l’intérieur/extérieur d’un bâtiment)."
"MAELSTROM:Radiation_exp","Radiation exposure","Information about exposure to radiation (e.g. UV exposure, mobile phone use, frequency of air travel).","MAELSTROM:Physical_environment","Exposition aux radiations","Informations au sujet de l’exposition aux radiations (ex. exposition aux UV, utilisation du cellulaire, fréquence de voyage en avion)."
"MAELSTROM:Chemical_exp","Chemical exposure","Information about exposure to chemicals by air, food or water (e.g. cigarette and wood smoke, solvents, pesticides, level of chemical pollutant in the air).","MAELSTROM:Physical_environment","Exposition aux produits chimiques","Informations au sujet de l’exposition aux produits chimiques dans l’air, la nourriture ou l’eau (ex. fumée de cigarette et de feux de bois, solvants, pesticides, niveau de polluants chimiques dans l’air)."
"MAELSTROM:Biological_exp","Biological exposure","Information about exposure to biohazards (e.g. farm animals, chickenpox virus, ticks transmitting Lyme disease).","MAELSTROM:Physical_environment","Exposition aux dangers biologiques","Informations au sujet de l’exposition aux dangers biologiques (ex. animaux de ferme, virus de la varicelle, tiques transmettant la maladie de Lyme)."
"MAELSTROM:Other_environment","Other physical environment characteristics","Information about other physical environment characteristics.","MAELSTROM:Physical_environment","Autres caractéristiques de l’environnement physique","Informations au sujet d’autres caractéristiques de l’environnement physique."
"MAELSTROM:Administrative_information","Administrative information","Information about administrative data.",,"Informations administratives","Informations au sujet de données administratives."
"MAELSTROM:Identifiers","Identifiers","Information about the administrative identification of an individual (e.g. sampling identifier, name of interviewer).","MAELSTROM:Administrative_information","Identifiants","Informations au sujet de l’identification administrative d’un individu (ex. identifiant de l’échantillon, nom de l’intervieweur)."
"MAELSTROM:Date_time_related_info","Date and time-related information","Information about date and time of questionnaire completion and physical and cognitive measure or biosample collection.","MAELSTROM:Administrative_information","Informations associées à la date et à l’heure","Informations au sujet de la date et de l’heure auxquelles le questionnaire est complété, la mesure physique ou cognitive est prise ou l’échantillons biologique est collecté."
"MAELSTROM:Questionnaire_interview_related_info","Questionnaire and interview-related information","Information about the questionnaire and/or the interview (e.g. language, version, section of the questionnaire, number of individuals present at interview, questionnaire administration method).","MAELSTROM:Administrative_information","Informations associées au questionnaire ou à l’entrevue","Informations au sujet du questionnaire et/ou de l’entrevue (ex. langue, version, section du questionnaire, nombre d’individus présents au moment de l’entrevue, méthode d’administration du questionnaire)."
"MAELSTROM:Physical_measure_biosamp_related_info","Physical and cognitive measure and biosample-related information","Information about the physical and cognitive measure and biosample collection (e.g. contextual information about the participant during assessment, biobanking information (number of samples collected, circumstances of specimen analysis), SOP-related information).","MAELSTROM:Administrative_information","Informations associées aux mesures physiques et cognitives et aux échantillons biologiques","Informations au sujet des mesures physiques et cognitives et de la collecte des échantillons biologiques (ex. informations contextuelles sur le participant lors de l’évaluation, informations sur la biobanque (nombre d’échantillons collectés, circonstances de l’analyse du spécimen), informations liées aux procédures standardisées)."
"MAELSTROM:Data_sample_center","Data and sample collection center-related information","Information about characteristics of the data and sample collection center (e.g. center identification number, number of steps to entrance, area where building is located).","MAELSTROM:Administrative_information","Informations associées au centre de collecte de données et d’échantillons biologiques","Informations au sujet des caractéristiques du centre de collecte de données et des échantillons biologiques (ex. numéro d’identification du centre, nombre de marches à l’entrée, zone où se situe l’immeuble)."
"MAELSTROM:Other_admin_info","Other administrative information","Information about other administrative data (e.g. indicator of participant's withdrawal, reason for withdrawal).","MAELSTROM:Administrative_information","Autres informations administratives","Informations au sujet d’autres données administratives (ex. indicateur de retrait du participant, raison du retrait)."
